term_type,term,n_yes,repeat_rate_yes,repeat_rate_no,expected_value_yes,expected_value_no,expected_value_difference,corr_with_expected_value,n_returners_yes,mean_log_amount_yes,mean_log_amount_no,log_amount_difference,corr_with_log_amount_returners,effect_family,ranking_metric
individual,OPTIONAL_SUPPORT>0=True,2156732,0.13967984895666222,0.5384615384615384,20.2556834646122,469.1207692306489,-448.86508576603666,-0.005778801185432347,301252,3.928070883771343,6.177486798543084,-2.249415914771741,-0.017840199801008667,OPTIONAL_SUPPORT>0,expected_value
project-plus-gift-size,SCHOOL_STATE x gift_decile=HI | 8,743,0.26648721399730824,0.13964576740423768,400.2806594885599,20.135547728452284,380.14511176010757,0.018496710076318788,198,5.543130132929841,3.9272179663411424,1.6159121665886986,0.03407051572221376,SCHOOL_STATE x gift_decile,expected_value
project-plus-gift-size,SUBJECT_CATEGORY x gift_decile=Music | 8,5682,0.26856740584301303,0.13934904063126713,206.98763463569165,19.773293525830013,187.21434110986164,0.0251618399173912,1526,5.370649389849081,3.920937063523203,1.4497123263258782,0.0846696096003377,SUBJECT_CATEGORY x gift_decile,expected_value
project-plus-gift-size,CATEGORY x gift_decile=Books | 8,28852,0.2845556633855539,0.13772526565698529,176.20666782198808,18.152159096249314,158.05450872573877,0.04760974860322924,8210,5.360984075151674,3.8881444714615916,1.4728396036900828,0.19728709574677328,CATEGORY x gift_decile,expected_value
project-plus-gift-size,GRADE_LEVEL x gift_decile=Grades 6-8 | 8,27244,0.25561591543092055,0.13820637320735935,162.18567244163853,18.450880720719027,143.7347917209195,0.042088398938280716,6964,5.331583167222874,3.8950754778255474,1.4365076893973265,0.17759479690074084,GRADE_LEVEL x gift_decile,expected_value
gift-size decile,first_gift_decile!=8,2002459,0.13046908825598927,0.25932933743722664,10.111657646923106,152.03171961768993,-141.92006197076682,-0.09591044716440025,261259,3.716759148006093,5.309097755161543,-1.5923386071554497,-0.44463227945943823,first_gift_size,expected_value
project-only,SCHOOL_STATE x CATEGORY=NH | Books,640,0.184375,0.13967619973434056,133.03134375,20.233034032049805,112.79830971795019,0.005093937644341703,118,3.810525819647138,3.9283260752071163,-0.11780025555997842,-0.0019176674112992948,SCHOOL_STATE x CATEGORY,expected_value
individual,SALES_TAX>0=Missing,23340,0.20184233076263924,0.1390095076317916,107.586970437018,19.311214683863273,88.27575575315473,0.02394719543733159,4711,4.958436796335966,3.911915890604565,1.046520905731401,0.10682017921992908,SALES_TAX>0,expected_value
individual,PAYMENT_PROCESSING_CHARGES>0=Missing,23340,0.20184233076263924,0.1390095076317916,107.586970437018,19.311214683863273,88.27575575315473,0.02394719543733159,4711,4.958436796335966,3.911915890604565,1.046520905731401,0.10682017921992908,PAYMENT_PROCESSING_CHARGES>0,expected_value
individual,VENDOR_SHIPPING_CHARGES>0=Missing,23340,0.20184233076263924,0.1390095076317916,107.586970437018,19.311214683863273,88.27575575315473,0.02394719543733159,4711,4.958436796335966,3.911915890604565,1.046520905731401,0.10682017921992908,VENDOR_SHIPPING_CHARGES>0,expected_value
individual,OPTIONAL_SUPPORT>0=True,2156732,0.13967984895666222,0.5384615384615384,20.2556834646122,469.1207692306489,-448.86508576603666,-0.005778801185432347,301252,3.928070883771343,6.177486798543084,-2.249415914771741,-0.017840199801008667,OPTIONAL_SUPPORT>0,conditional_amount
project-plus-gift-size,SCHOOL_STATE x gift_decile=HI | 8,743,0.26648721399730824,0.13964576740423768,400.2806594885599,20.135547728452284,380.14511176010757,0.018496710076318788,198,5.543130132929841,3.9272179663411424,1.6159121665886986,0.03407051572221376,SCHOOL_STATE x gift_decile,conditional_amount
gift-size decile,first_gift_decile!=8,2002459,0.13046908825598927,0.25932933743722664,10.111657646923106,152.03171961768993,-141.92006197076682,-0.09591044716440025,261259,3.716759148006093,5.309097755161543,-1.5923386071554497,-0.44463227945943823,first_gift_size,conditional_amount
project-plus-gift-size,SUBJECT_CATEGORY x gift_decile=Extracurricular | 8,738,0.2777777777777778,0.13964219687335055,167.07554200542006,20.216253846160978,146.85928815925908,0.007121652449450973,205,5.498707814276953,3.927210643216199,1.571497171060754,0.0337142767094967,SUBJECT_CATEGORY x gift_decile,conditional_amount
project-plus-gift-size,CATEGORY x gift_decile=Supplies | 8,52335,0.2759338874558135,0.13630123609552905,165.620225088373,16.65174138693786,148.96848370143513,0.060101024984594895,14441,5.350249087947996,3.856690451539668,1.4935586364083284,0.26249798663591734,CATEGORY x gift_decile,conditional_amount
project-plus-gift-size,GRADE_LEVEL x gift_decile=Grades 3-5 | 8,48042,0.26058448857249905,0.13693519643465157,142.02059219016695,17.4926670498335,124.52792514033345,0.04818492418251544,12519,5.313464343831332,3.8682263857924704,1.4452379580388617,0.2372899873015513,GRADE_LEVEL x gift_decile,conditional_amount
individual,SALES_TAX>0=Missing,23340,0.20184233076263924,0.1390095076317916,107.586970437018,19.311214683863273,88.27575575315473,0.02394719543733159,4711,4.958436796335966,3.911915890604565,1.046520905731401,0.10682017921992908,SALES_TAX>0,conditional_amount
individual,PAYMENT_PROCESSING_CHARGES>0=Missing,23340,0.20184233076263924,0.1390095076317916,107.586970437018,19.311214683863273,88.27575575315473,0.02394719543733159,4711,4.958436796335966,3.911915890604565,1.046520905731401,0.10682017921992908,PAYMENT_PROCESSING_CHARGES>0,conditional_amount
individual,VENDOR_SHIPPING_CHARGES>0=Missing,23340,0.20184233076263924,0.1390095076317916,107.586970437018,19.311214683863273,88.27575575315473,0.02394719543733159,4711,4.958436796335966,3.911915890604565,1.046520905731401,0.10682017921992908,VENDOR_SHIPPING_CHARGES>0,conditional_amount
individual,FULFILLMENT_AND_LABOR_MATERIALS>0=Missing,23340,0.20184233076263924,0.1390095076317916,107.586970437018,19.311214683863273,88.27575575315473,0.02394719543733159,4711,4.958436796335966,3.911915890604565,1.046520905731401,0.10682017921992908,FULFILLMENT_AND_LABOR_MATERIALS>0,conditional_amount
